Peak Brightness Date/Time (UT),Latitude,Longitude,Altitude (km),Velocity (km/s),vx,vy,vz,Total Radiated Energy (J),Calculated Total Impact Energy (kt)
2020-02-28 09:30:34,45.7,15.1,34.5,21.5,-18.2,-11.3,-2.1,115000000000,0.34
2020-02-24 22:21:28,3.6,-96,,,,,,20000000000,0.073
2020-02-10 23:48:17,28.2,76.7,41.7,31.7,-27.8,-14.3,-5.2,27000000000,0.095
2020-01-27 05:39:15,30.4,1.5,32.5,19.8,-2,-16.6,-10.6,44000000000,0.15
2020-01-24 11:13:31,28,-35.8,32,21.2,-18.6,-9,-4.7,26000000000,0.092
2020-01-21 20:07:44,33.1,34.3,43.3,27.4,-7.5,-23.5,-11.9,28000000000,0.098
2020-01-17 21:29:49,19.4,-66,14.5,15.5,-13.2,8.1,1.2,97000000000,0.29
2020-01-16 09:31:42,-71.7,-116.4,27.8,12.9,9.8,-4.5,7,59000000000,0.19
2020-01-15 06:31:39,-23.7,-125.2,31.5,,,,,196000000000,0.55
2020-01-06 11:03:50,-70.4,-17.5,,,,,,45000000000,0.15
2019-12-21 14:30:52,56.5,-147.6,35.5,22.2,14.9,-8.1,-14.3,65000000000,0.21
2019-12-11 01:19:11,47.7,161.7,37,17.8,13.7,-10.9,-3.3,39000000000,0.13
2019-12-06 10:19:57,-3.3,-37.7,19.5,,,,,46000000000,0.15
2019-12-03 06:46:27,5.6,-52.2,61.5,,,,,42000000000,0.14
2019-11-28 20:30:54,35.7,-31.7,35,13,-11.6,-2.5,-5.4,27000000000,0.095
2019-11-28 13:22:10,,,,,,,,26000000000,0.092
2019-11-28 11:55:02,-22.1,25.7,22.5,24.7,-22.8,-5.5,7.6,25000000000,0.089
2019-11-05 11:24:50,-10.4,-143.4,37,28.8,6.8,13.8,24.4,109000000000,0.33
2019-10-22 22:21:15,12,-76,40.7,,,,,27000000000,0.095
2019-10-10 16:16:36,44.3,122.9,47.3,14.1,1.5,-12.9,-5.4,206000000000,0.57
2019-09-28 10:40:20,-12.5,-107.2,52,20.4,-10.1,11.2,13.7,23000000000,0.082
2019-09-27 13:35:46,25.7,-28.4,,,,,,34000000000,0.12
2019-09-14 12:39:34,-38.6,-33.5,38,15.9,-12.9,8.1,4.6,109000000000,0.33
2019-09-13 02:02:04,-18.6,126.9,27.4,13.5,5.2,-8.1,9.5,42000000000,0.14
2019-09-12 12:49:48,54.5,9.2,42,18.5,-18.1,-0.4,3.7,169000000000,0.48
2019-09-12 02:34:58,24.9,-47.8,30.6,17.2,-11.7,11.7,4.6,59000000000,0.19
2019-08-24 12:02:59,21.9,-130.4,39.8,13.4,11.1,-5.2,5.4,40000000000,0.13
2019-08-22 21:47:29,-24.4,-92.9,30.2,,,,,20000000000,0.073
2019-08-16 20:36:05,38.9,7,36,14.9,-3.9,4,-13.8,25000000000,0.089
2019-07-23 20:42:58,44.6,-147.6,30.6,16.1,1.5,15.1,-5.5,255000000000,0.69
2019-06-30 16:52:58,21.2,-129.5,59,42.3,25.2,31.2,-13.3,32000000000,0.11
2019-06-30 08:11:29,-2.5,168.7,,,,,,21000000000,0.076
2019-06-22 21:25:48,14.9,-66.2,25,14.9,-13.4,6,2.5,2947000000000,6
2019-06-20 06:07:32,7.3,-67.6,37,,,,,28000000000,0.098
2019-05-26 10:07:55,56.6,-25.3,24.4,17.5,3.8,-5.8,16.1,42000000000,0.14
2019-05-25 06:44:04,-19.2,89.4,29.2,15.8,0.2,-15.7,2.1,49000000000,0.16
2019-05-22 15:16:49,10.8,-37.3,32.6,,,,,95000000000,0.29
2019-05-21 13:21:35,-38.8,137.5,31.5,11.5,4.4,-8.5,6.4,656000000000,1.6
2019-05-19 14:47:03,-23.6,132.8,33.3,15.2,7.3,-12.2,5.3,33000000000,0.11
2019-05-12 22:41:48,6.2,-57.1,,,,,,21000000000,0.076
2019-05-04 15:35:46,28.4,-88.3,26.5,,,,,22000000000,0.079
2019-04-22 21:42:11,-48.8,67.8,33.3,11.4,3.4,-4.2,10,124000000000,0.37
2019-04-14 17:54:33,18.3,-74.6,30.6,15.9,-2.5,5.9,-14.6,29000000000,0.1
2019-04-06 11:59:09,56.5,94.9,41.5,18.1,6.2,11.1,-12.9,70000000000,0.22
2019-04-04 22:19:01,35.3,-93.9,,,,,,28000000000,0.098
2019-03-27 12:50:34,-41.8,-7.4,,,,,,22000000000,0.079
2019-03-19 02:06:39,-24,140.3,28.7,16.2,10.2,0.4,12.6,20000000000,0.073
2019-03-15 12:26:56,63.7,95.7,31.5,14.4,5.4,-13.2,1.7,46000000000,0.15
2019-02-18 10:00:43,-15.5,25.3,26,20.8,-16.6,-12.6,0.6,1958000000000,4.2
2019-02-01 18:17:10,22.5,-83.8,23.7,16.3,-2.4,13.6,8.7,579000000000,1.4
2019-01-29 20:47:20,,,,,,,,25000000000,0.089
2019-01-22 09:18:01,18,6.5,42.5,11.6,-8.6,-5.9,5,36000000000,0.12
2018-12-23 23:38:03,-47.5,-174.4,31.8,16.5,9.9,7.6,10.8,89000000000,0.27
2018-12-18 23:48:20,56.9,172.4,25.6,32,6.3,-3,-31.2,130000000000000,173
2018-11-20 17:30:28,25.3,-6.7,27.4,17.4,-10.1,13.9,3,422000000000,1.1
2018-11-17 21:48:24,47.3,-172.9,32.5,19.1,7.6,17.3,-2.7,220000000000,0.61
2018-11-15 08:02:44,42,-57,,,,,,20000000000,0.073
2018-11-14 04:03:47,-37.6,83.5,37,,,,,38000000000,0.13
2018-10-24 21:19:07,-6.7,-148.6,33.3,,,,,47000000000,0.16
2018-10-22 07:11:03,,,,,,,,26000000000,0.092
2018-10-05 00:27:04,-39.8,-31.7,31.5,14.7,-13.2,-6.5,-0.4,38000000000,0.13
2018-09-25 14:10:33,-23.5,56.8,33,16.5,-16.2,2.8,0.6,806000000000,1.9
2018-09-25 00:16:59,-34.3,44.9,40.7,12.5,-11,2.5,-5.5,53000000000,0.17
2018-09-20 18:29:03,-67.3,75.1,,11.1,-5.6,-7.9,5.5,83000000000,0.26
2018-09-17 01:08:02,-6.8,-27.8,,,,,,150000000000,0.43
2018-09-13 00:51:21,42.5,-50.1,,,,,,42000000000,0.14
2018-08-27 04:36:45,-1.7,141.4,33,16.1,9.8,-9.6,-8.4,24000000000,0.086
2018-08-21 12:26:14,-39.2,-162.9,37,,,,,22000000000,0.079
2018-07-27 09:35:14,-58.8,105.8,32,,,,,105000000000,0.32
2018-07-25 21:55:26,76.9,-69,43.3,24.4,20.4,12.9,-3.8,877000000000,2.1
2018-07-17 15:17:37,82.5,-136.7,,,,,,211000000000,0.59
2018-06-26 17:51:53,32,12.1,63,14.1,-10,-1,-9.9,29000000000,0.1
2018-06-21 01:16:20,52.8,38.1,27.2,14.4,-8.9,-4.3,-10.5,1224000000000,2.8
2018-06-02 16:44:12,-21.2,23.3,28.7,16.9,0.9,-16.4,3.9,375000000000,0.98
2018-05-12 03:26:46,-6.5,173.7,34,,,,,193000000000,0.54
2018-05-08 02:27:13,32,-60.7,,,,,,73000000000,0.23
2018-05-03 07:23:59,46.9,-7.5,39,11.5,1.3,-2.1,-11.2,38000000000,0.13
2018-04-30 13:17:57,-45.5,-1.4,34,13.1,8.7,-9.5,2.5,30000000000,0.1
2018-04-21 12:06:04,-59,45.8,28.2,14.6,7.1,-4.6,11.9,36000000000,0.12
2018-04-19 14:02:27,7.5,3.6,30,20.9,-9.1,-2.5,18.6,72000000000,0.23
2018-04-19 13:39:38,-22.2,72.6,31.5,10.9,-5.9,-9.1,1.4,512000000000,1.3
2018-04-07 03:05:09,72.4,-78.7,31.5,,,,,86000000000,0.27
2018-02-21 01:28:03,-13.5,-37.1,31.5,13.1,-0.9,13.1,-0.4,71000000000,0.22
2018-02-15 13:38:22,-43.8,-1.1,50.7,,,,,27000000000,0.095
2018-02-12 02:15:19,-15.9,-58.9,,,,,,39000000000,0.13
2018-02-08 22:21:41,42.9,179.7,43.5,,,,,259000000000,0.7
2018-02-01 12:21:36,-19.4,104.3,37,16.5,8.1,-8.4,-11.7,190000000000,0.53
2018-01-22 22:06:30,14,-17.4,,,,,,32000000000,0.11
2018-01-15 02:18:38,-52,57.2,43.6,23.7,18.6,-12.1,8.4,199000000000,0.56
2018-01-06 21:24:22,55.8,52.5,26,21,0.8,2.2,-20.9,28000000000,0.098
2018-01-06 18:24:28,-39.5,12.8,26,,,,,36000000000,0.12
2017-12-31 09:36:10,-63.5,-101.3,64.5,,,,,44000000000,0.15
2017-12-29 12:47:31,14.6,-49.5,38,,,,,110000000000,0.33
2017-12-28 17:45:44,,,,,,,,114000000000,0.34
2017-12-15 13:14:37,60.2,170,20,31.4,27.8,-4.7,-13.9,3114000000000,6.4
2017-11-19 04:17:32,-24.2,135,33.3,11.4,6.7,-3.4,8.6,28000000000,0.098
2017-10-26 22:05:35,-21.3,177.6,42.5,,,,,558000000000,1.4
2017-10-23 15:31:23,28.8,44.6,35.4,16.7,-5.7,-10.7,-11.5,24000000000,0.086
2017-10-15 04:33:16,-65.2,128.2,24.1,15.9,9.5,-8.3,9.7,33000000000,0.11
2017-10-09 12:51:48,-18.3,-64.1,,,,,,30000000000,0.1
2017-10-04 12:07:05,28.1,99.4,37,14.6,-8.5,-9,7.8,192000000000,0.54
2017-09-05 05:11:27,49.3,-116.9,36,14.7,12.7,-6.1,-4.2,38000000000,0.13
2017-07-31 22:01:35,24.7,-118.5,,,,,,58000000000,0.19
2017-07-23 06:12:38,-6.6,-69.7,38,17.2,-0.4,8.7,-14.8,35000000000,0.12
2017-07-13 09:30:36,23.1,60.7,35,13.7,-10,-6.5,-6.8,73000000000,0.23
2017-06-30 14:26:45,-34.3,134.5,20,15.2,10.9,-9.7,4.2,94000000000,0.29
2017-06-23 20:21:55,57,143.7,35.1,24.3,17.7,13.1,-10.3,184000000000,0.52
2017-06-20 13:41:32,-54.2,133,33.3,13.6,8.7,-5.7,8.8,636000000000,1.6
2017-05-24 07:03:03,-9.1,101.8,46,18.4,-6.5,-16.5,-5,90000000000,0.28
2017-05-22 17:44:39,-49.6,-157.6,33,,,,,35000000000,0.12
2017-05-14 09:30:35,-26,32.4,33,,,,,35000000000,0.12
2017-04-30 21:28:28,-25.7,56.2,32.4,21.5,-13.4,-14.2,8.9,150000000000,0.43
2017-03-11 04:51:21,28.3,-60.2,28,,,,,1263000000000,2.9
2017-03-09 04:16:37,40.5,-18,23,36.5,-15.3,25.8,-20.8,400000000000,1
2017-03-08 22:21:59,-26.1,174.9,37,,,,,72000000000,0.23
2017-02-25 01:22:59,29.5,13.5,25.4,12.2,-7.6,-9.3,2.2,65000000000,0.21
2017-02-22 18:47:30,-50.7,-66,,,,,,38000000000,0.13
2017-02-18 19:48:29,6.2,60.4,38,24.2,-6.6,-22.7,-5.3,295000000000,0.79
2017-02-07 17:37:31,-27.4,-14.8,54,,,,,20000000000,0.073
2017-02-06 06:09:59,10.4,131.6,33.5,,,,,66000000000,0.21
2016-12-23 03:29:09,21.3,49.3,42,29.7,-22.4,16.4,-10.5,38000000000,0.13
2016-12-07 04:51:39,-34.5,-126.6,,,,,,117000000000,0.35
2016-11-29 08:05:38,-30.6,-93.1,,,,,,31000000000,0.11
2016-11-24 14:10:34,-15.2,80.3,30.6,17.4,9.1,-11.2,9.7,138000000000,0.4
2016-11-03 17:14:29,-39.6,-16.3,37,,,,,76000000000,0.24
2016-10-01 20:23:45,36.2,6.7,27.8,14.2,-10,3.9,-9.3,31000000000,0.11
2016-09-22 04:57:49,-51.8,178.5,40,17.5,-2.5,-3.3,17,71000000000,0.22
2016-09-14 15:01:51,-3.5,44.6,54,18.3,3.5,-16.2,7.7,76000000000,0.24
2016-08-27 21:45:13,-56.9,162.2,42,,,,,142000000000,0.41
2016-08-11 05:59:58,-43.7,53.8,34.3,14.9,-0.7,-11.4,9.6,184000000000,0.52
2016-08-05 18:02:44,46.4,171.6,32.4,,,,,121000000000,0.36
2016-07-21 00:48:53,7.8,-1.6,37,,,,,45000000000,0.15
2016-07-05 01:24:26,1,48.6,38.2,25.1,-10.3,-2,-22.8,153000000000,0.44
2016-06-27 10:02:42,15.8,-11.9,33.3,29.1,-29.1,1.5,0.7,458000000000,1.2
2016-06-05 06:12:55,-17.4,138.3,28.7,14.5,6,-11.9,5.7,331000000000,0.87
2016-06-02 10:56:32,33.8,-110.9,,,,,,172000000000,0.49
2016-05-29 12:14:55,10.2,-48.8,32,,,,,69000000000,0.22
2016-05-20 11:59:46,-32.8,15.1,30.6,20.8,5.4,-9.9,17.5,20000000000,0.073
2016-05-16 10:09:41,3.2,6.6,41.7,12.2,-6.7,-3.3,-9.6,519000000000,1.3
2016-05-13 00:34:01,26.2,-122.3,33,,,,,101000000000,0.31
2016-04-24 05:39:24,9.8,-42.8,50,,,,,146000000000,0.42
2016-04-18 11:59:10,20.7,-14.5,31.5,17.1,-3.5,2.2,-16.6,224000000000,0.62
2016-04-12 09:51:40,38.3,162.2,,,,,,20000000000,0.073
2016-04-10 14:57:53,22,149,35.2,15.1,4.7,-12.9,-6.4,655000000000,1.6
2016-03-16 23:54:20,-49.2,-6.3,42,13.3,-7.6,9.1,6,32000000000,0.11
2016-03-03 01:32:43,-48,51,31.8,11.7,4.8,-7.1,7.9,58000000000,0.19
2016-02-23 03:59:13,32.3,67.2,44,17.9,-8.5,-1.6,-15.7,35000000000,0.12
2016-02-21 05:58:53,36.5,-37.2,32,,,,,369000000000,0.96
2016-02-19 08:15:02,0.7,-11.6,39.4,15.5,-14.9,-0.5,4.1,202000000000,0.56
2016-02-06 13:55:09,-30.4,-25.5,31,15.6,2.7,14.5,5,6853000000000,13
2016-01-27 09:59:16,-45.8,53.6,37,11.5,-10,-4.4,3.6,50000000000,0.16
2016-01-21 16:44:54,-10.8,0.7,42.5,18.1,-3.8,-17.7,-1.2,46000000000,0.15
2015-12-30 13:07:50,33.8,-160.7,39,,,,,22000000000,0.079
2015-12-21 02:32:48,5.9,143,42.2,12.1,6.4,-10,2.5,83000000000,0.26
2015-12-08 00:34:23,-69.9,150.5,38,,,,,197000000000,0.55
2015-11-13 14:59:27,16,124.3,28,,,,,102000000000,0.31
2015-11-02 21:34:20,-41.4,33,37,,,,,78000000000,0.24
2015-10-31 11:34:30,9,-138,71,,,,,97000000000,0.29
2015-10-13 12:23:08,-8,-52.5,38.9,12.9,-6.6,3.8,10.4,23000000000,0.082
2015-10-11 00:07:46,-55.4,-18.8,,,,,,30000000000,0.1
2015-10-10 09:57:51,-51,-21.1,51.8,11.8,-1.3,-5.1,10.6,36000000000,0.12
2015-10-04 21:02:17,22,-171.6,36.1,,,,,44000000000,0.15
2015-09-17 21:03:14,-43.1,94.9,,,,,,98000000000,0.3
2015-09-14 23:50:50,5.8,-15.2,,,,,,70000000000,0.22
2015-09-08 13:46:42,6.3,29.9,44.4,16.1,-11.5,-11.3,-0.9,20000000000,0.073
2015-09-07 01:41:19,14.5,98.9,29.3,21,16.8,-12,-3.8,1798000000000,3.9
2015-09-02 20:10:30,39.1,40.2,39.8,24.1,10.3,-12.2,-18,37000000000,0.13
2015-07-19 07:06:26,20.6,-87.6,22,17.8,9.4,13,7.8,23000000000,0.082
2015-07-12 22:23:14,31,159.6,41,,,,,22000000000,0.079
2015-07-04 01:40:11,38.6,103.1,46.3,49,0.9,-40.4,-27.7,56000000000,0.18
2015-06-14 03:03:06,6.3,124.1,32.4,31.9,-4.7,-17.8,-26,71000000000,0.22
2015-06-12 17:03:35,-1.3,-32.1,43.5,,,,,176000000000,0.5
2015-06-10 17:43:03,-11.5,-161.9,61.1,,,,,384000000000,1
2015-06-02 08:44:50,-6.4,-142.7,,,,,,380000000000,0.99
2015-05-20 10:20:41,1,172.6,32.4,,,,,36000000000,0.12
2015-05-18 17:13:51,32.4,139.1,29,,,,,43000000000,0.14
2015-05-10 07:45:01,-46.3,-179.3,29.6,12.2,11.2,0.9,4.7,143000000000,0.42
2015-05-07 20:34:34,-21.5,-29.3,37,17.3,-16.2,-5.8,1.4,52000000000,0.17
2015-04-30 10:21:01,-48.7,139.1,26.7,12.9,12.2,-4.2,0.9,105000000000,0.32
2015-04-21 01:42:51,37.7,-39.6,37.4,21.3,-15.3,12.8,7.4,88000000000,0.27
2015-04-10 01:14:27,-42.8,8.2,,,,,,65000000000,0.21
2015-04-08 04:06:31,-25.5,51.5,36.3,19.2,8,-15.6,-7.9,173000000000,0.49
2015-04-03 01:39:38,8.4,-157.9,,,,,,42000000000,0.14
2015-03-30 21:33:52,-36.1,-5.5,33.1,13.8,-13.7,-1.7,0.8,64000000000,0.2
2015-03-18 00:04:50,-5.4,159.3,50,,,,,121000000000,0.36
2015-03-11 06:18:59,8,119.1,35.2,19.9,5.5,-10.5,-16,72000000000,0.23
2015-03-08 04:26:28,-39.1,-118.6,,,,,,20000000000,0.073
2015-03-04 04:30:05,-15.9,88.1,39.8,18,7.8,-16,-2.5,55000000000,0.18
2015-02-26 22:06:24,68,-149,33.7,21.1,5.6,-2.3,-20.2,188000000000,0.53
2015-02-25 10:53:24,12.4,-122.4,42,,,,,58000000000,0.19
2015-02-17 13:19:50,-8,-11.2,39,28.8,-28.2,3.4,4.6,33000000000,0.11
2015-01-09 17:31:47,-23.3,-49.2,,,,,,22000000000,0.079
2015-01-09 10:41:11,2,28.8,36,17.5,-10.7,-7.6,11.6,139000000000,0.41
2015-01-07 01:05:59,45.7,26.9,45.5,35.7,-35.4,1.8,-4.4,136000000000,0.4
2015-01-02 13:39:19,-31.1,140,38.1,18.1,4.5,-14.4,-10,20000000000,0.073
2014-12-13 02:53:52,86.7,-162.1,30.7,21.7,15.3,-13.3,-7.8,44000000000,0.15
2014-12-12 06:48:11,33.5,144.9,26.3,12,11.5,-2.8,-2.2,33000000000,0.11
2014-12-09 21:19:18,76.6,96.3,26.3,,,,,78000000000,0.24
2014-11-28 11:47:18,-45.8,-172.7,26.1,13.4,0.4,-1.4,13.3,700000000000,1.7
2014-11-27 12:12:52,-18.8,-73.4,38,,,,,55000000000,0.18
2014-11-26 23:16:51,-69.5,-179.7,23.3,25.3,21.3,2.2,13.4,118000000000,0.35
2014-11-26 17:40:16,-68.2,-24,37,19.9,-7,16.1,9.4,105000000000,0.32
2014-11-04 20:13:30,43.1,115.8,22.2,16,-7.2,-12.1,-7.7,156000000000,0.45
2014-10-21 18:55:37,22.2,-132.9,,,,,,34000000000,0.12
2014-10-17 14:07:36,-4.6,-66.3,39,,,,,72000000000,0.23
2014-10-14 10:25:03,-2,119.2,27.2,16.9,15,-6.9,-3.5,29000000000,0.1
2014-10-06 20:02:15,-43.7,85.7,,,,,,39000000000,0.13
2014-09-09 18:55:46,3.2,137.2,32.5,,,,,28000000000,0.098
2014-09-05 21:37:26,22.7,-150,,,,,,35000000000,0.12
2014-08-29 23:15:39,-6.2,-49.9,,,,,,26000000000,0.092
2014-08-28 03:07:45,3.2,-45.4,,,,,,34000000000,0.12
2014-08-23 06:29:41,-61.7,132.6,22.2,16.2,-2.3,5.7,16.5,3819000000000,7.6
2014-07-29 07:38:07,-49.2,-172.2,,,,,,73000000000,0.23
2014-07-29 03:07:43,-33.9,-115.9,,,,,,53000000000,0.17
2014-06-28 02:40:07,18.9,141.2,26.3,12.4,12,3.5,-10.5,245000000000,0.67
2014-06-26 05:54:41,-71.5,93.4,28.5,11.2,7,2.9,8.3,61000000000,0.2
2014-05-29 01:12:36,21.9,-131.1,28.7,,,,,58000000000,0.19
2014-05-16 20:06:28,-39.4,-95.9,30.8,18,2.9,13.4,-12.5,136000000000,0.4
2014-05-16 12:42:48,-44.2,-176.2,44,16.5,14.4,4.6,6.5,309000000000,0.82
2014-05-08 19:42:37,-36.9,87.3,35.4,19,-2,-16.1,9.9,1050000000000,2.4
2014-03-29 13:45:41,-28.7,121.5,30.7,16.3,10,-12.7,2.2,39000000000,0.13
2014-03-18 11:02:37,0,-111.8,30.5,,,,,540000000000,1.3
2014-03-03 15:00:21,-29,-94.9,,,,,,94000000000,0.29
2014-02-18 12:50:44,-32.8,-61.5,,,,,,26000000000,0.092
2014-02-13 06:47:42,13.3,-110.7,25,,,,,630000000000,1.5
2014-01-15 02:46:19,-18.5,141.8,29.6,,,,,140000000000,0.41
2014-01-12 16:00:48,2.9,64.4,37,16.2,-5.2,-15.1,2.6,78000000000,0.24
2014-01-08 17:05:34,-1.3,147.6,18.7,44.8,-3.4,-43.5,-10.3,31000000000,0.11
2013-12-23 08:30:57,39.5,2,34.3,15.1,-1.1,11.4,-9.9,147000000000,0.43
2013-12-08 03:10:09,32.8,-165.1,23.5,11.8,2.3,2.5,-11.3,64000000000,0.2
2013-11-21 01:50:35,44.7,35.3,59.3,12.4,-5,-11,-2.7,75000000000,0.23
2013-10-12 16:06:45,-19.1,-25,22.2,12.8,-8,8.4,-5.5,1610000000000,3.5
2013-10-09 17:27:36,,,,,,,,60000000000,0.19
2013-09-24 15:31:16,-10.3,-164.7,40.7,,,,,160000000000,0.46
2013-08-12 18:08:02,-34.4,118.2,66.6,,,,,44000000000,0.15
2013-07-31 07:00:38,,,,,,,,39000000000,0.13
2013-07-31 03:50:14,-31.8,137.1,29.1,17.8,17.7,-2.3,-0.1,69000000000,0.22
2013-07-30 02:36:58,-50.2,90.2,25.6,18.8,15.9,-8.6,5.1,390000000000,1
2013-07-27 08:30:36,0.3,156.2,26.5,22.1,16,14.9,-3.3,120000000000,0.36
2013-07-26 11:32:26,21,-178.5,37,,,,,20000000000,0.073
2013-07-18 00:46:37,,,,,,,,22000000000,0.079
2013-06-13 02:51:14,,,,,,,,22000000000,0.079
2013-06-01 22:49:48,-65.6,138.4,28.9,,,,,34000000000,0.12
2013-05-14 23:20:21,-3,76.4,,,,,,20000000000,0.073
2013-04-30 08:40:38,35.5,-30.7,21.2,12.1,1,9,-8,5110000000000,10
2013-04-21 06:23:12,-28.1,-64.6,40.7,14.9,5,14,1,1066000000000,2.5
2013-03-12 10:32:59,-32.7,17.1,26,,,,,29000000000,0.1
2013-02-20 13:13:07,-23,-38.8,,13.6,-11,-8,-1,32000000000,0.1
2013-02-15 03:20:33,54.8,61.1,23.3,18.6,12.8,-13.3,-2.4,375000000000000,440
2013-02-07 13:12:24,-18.8,-158.6,,,,,,65000000000,0.21
2013-01-25 07:40:18,60.3,-64.6,,,,,,3400000000000,6.9
2013-01-12 03:04:21,-15.1,-155.6,36.1,,,,,48000000000,0.16
2012-12-30 07:25:35,17.3,-83.6,,,,,,198000000000,0.55
2012-12-18 11:19:17,,,,,,,,27000000000,0.095
2012-11-20 20:37:31,2.5,29.6,33.3,14.3,-12.2,-5.3,5.3,25000000000,0.089
2012-11-20 06:25:11,-8,-86,,,,,,120000000000,0.36
2012-10-25 15:57:19,,,,,,,,30000000000,0.1
2012-10-19 16:26:22,-75.4,49.6,29.3,13.2,-2.3,-3.9,12.4,23000000000,0.082
2012-10-09 00:54:55,51.2,-84.6,27.8,13.5,3.4,12,5.1,210000000000,0.58
2012-10-03 22:50:12,-41.5,-21.9,,17,-2.4,5.5,15.9,280000000000,0.75
2012-10-02 16:38:38,-8.1,-111.9,35,15.4,1.4,15.3,1,470000000000,1.2
2012-09-28 05:44:12,-6.9,73.7,,,,,,38000000000,0.13
2012-09-18 19:34:39,1.2,-52.2,28.1,18.3,-1.9,14.1,-11.5,244000000000,0.67
2012-09-11 22:07:30,-18.9,105.2,,,,,,52000000000,0.17
2012-09-10 01:03:32,-69.8,-111.7,23.8,16.9,-10.2,-5.2,12.4,23000000000,0.082
2012-08-27 06:57:43,-18.3,64.2,38.7,28.9,-8,-23.7,-14.5,68000000000,0.22
2012-08-26 14:55:47,11.8,117,36,12.7,5,-11.6,-0.7,249000000000,0.68
2012-08-13 05:31:53,,,,,,,,33000000000,0.11
2012-07-27 04:19:50,63.1,172.3,27.2,,,,,34000000000,0.12
2012-07-25 07:48:20,36.4,41.5,26.8,18.5,0.8,2,-18.4,133000000000,0.39
2012-06-05 07:44:54,,,,,,,,24000000000,0.086
2012-05-25 11:31:24,-41.8,-36.2,,,,,,60000000000,0.19
2012-05-22 08:31:42,,,,,,,,211000000000,0.59
2012-05-15 11:04:17,-61.8,-135.5,33.3,17.1,-0.8,1.1,17,132000000000,0.39
2012-05-04 21:54:49,76.7,-10.6,,,,,,229000000000,0.63
2012-04-23 22:01:10,36.2,107.4,25.2,,,,,44000000000,0.15
2012-04-21 16:08:23,-15.8,-174.8,,,,,,143000000000,0.42
2012-04-19 22:12:10,5.5,16.8,,,,,,30000000000,0.1
2012-04-02 16:50:33,28.1,-95.2,,,,,,32000000000,0.11
2012-03-12 06:40:44,2.5,139.8,25,11.8,0.1,-11.8,0.3,99000000000,0.3
2012-03-03 21:28:24,7.8,2.7,20.4,,,,,101000000000,0.31
2012-03-01 03:12:40,46.9,-29.8,,,,,,22000000000,0.079
2012-02-24 19:11:41,-22.7,30.8,,,,,,37000000000,0.13
2012-02-17 10:47:16,-3.2,-39.9,45.6,,,,,154000000000,0.44
2012-02-12 05:25:52,-31.7,54.9,61,,,,,140000000000,0.41
2012-02-04 14:42:51,32.4,0.1,34.2,12.2,-3.9,10.9,4,150000000000,0.43
2012-01-15 12:26:20,-64.1,109.9,26.3,12.3,-1.9,5.1,11,21000000000,0.076
2012-01-11 02:23:15,32.2,88.5,,,,,,85000000000,0.26
2011-12-19 11:35:39,-30.2,52.6,36.1,,,,,135000000000,0.4
2011-12-14 05:01:38,-62.9,89.6,32.4,,,,,50000000000,0.16
2011-12-11 17:29:33,,,,,,,,29000000000,0.1
2011-11-20 05:25:05,-27.9,116.3,,,,,,23000000000,0.082
2011-10-12 07:13:20,-26.4,-78.4,,,,,,36000000000,0.12
2011-09-13 23:36:47,-19.9,-13.8,21.3,16.7,-3.7,1.8,16.2,67000000000,0.21
2011-08-31 09:44:13,18.6,-5.1,,,,,,27000000000,0.095
2011-08-20 20:01:37,-27.2,-2.8,,,,,,23000000000,0.082
2011-08-18 14:55:45,,,,,,,,23000000000,0.082
2011-08-11 02:56:08,,,,,,,,35000000000,0.12
2011-08-04 07:25:57,-40.7,-86.7,63,,,,,28000000000,0.098
2011-07-27 23:00:36,-45.3,63.5,29.6,,,,,44000000000,0.15
2011-07-07 23:25:54,,,,,,,,33000000000,0.11
2011-07-05 15:42:41,29.1,139.7,40.7,,,,,65000000000,0.21
2011-07-04 09:18:04,-51.7,175,,,,,,29000000000,0.1
2011-06-16 11:51:50,67.3,-21.4,40.5,,,,,24000000000,0.086
2011-05-25 05:40:02,4.1,14,59,11.6,-3.4,-10.8,2.4,2280000000000,4.8
2011-05-16 13:39:06,-1.2,92.8,,,,,,20000000000,0.073
2011-04-27 20:38:09,1.4,-126.6,28.7,,,,,220000000000,0.61
2011-04-27 11:21:44,,,,,,,,24000000000,0.086
2011-04-17 11:21:44,,,,,,,,24000000000,0.086
2011-04-06 08:30:55,71.1,-43.5,22.2,12.7,3.3,11.8,-3.5,148000000000,0.43
2011-03-24 20:23:58,0.6,-127.5,59,,,,,58000000000,0.19
2011-03-23 04:24:46,,,,,,,,31000000000,0.11
2011-03-23 04:16:32,-16.8,-85.6,,,,,,22000000000,0.079
2011-03-01 10:37:54,53.5,103.9,30.6,11.9,-6.7,-1.1,-9.8,37000000000,0.13
2011-02-21 05:07:03,26.3,43.7,44.4,18,10.3,-14.8,0.1,39000000000,0.13
2011-02-12 11:00:12,7.8,-95.3,,,,,,20000000000,0.073
2011-01-21 15:11:43,18.9,-44.6,61,,,,,72000000000,0.23
2011-01-08 19:38:44,33.3,-125.8,48,,,,,29000000000,0.1
2010-12-25 23:24:00,38,158,26,18.1,18,-2,-4,20000000000000,33
2010-12-14 00:27:53,-4.9,175.5,24,,,,,39000000000,0.13
2010-12-09 02:54:07,-54.5,-169.7,66,,,,,63000000000,0.2
2010-12-01 06:31:46,-72.5,144.9,33.3,,,,,133000000000,0.39
2010-11-21 14:45:27,1.9,143.3,50,,,,,81000000000,0.25
2010-11-19 07:25:56,-10.3,148.8,30,,,,,33000000000,0.11
2010-11-10 08:26:35,74.5,-77.7,,,,,,68000000000,0.22
2010-11-09 13:05:46,-56.3,-16.7,37,,,,,86000000000,0.27
2010-11-09 06:56:52,-14,-160,26,,,,,20000000000,0.073
2010-10-27 11:27:39,-14.1,67.7,35.2,,,,,145000000000,0.42
2010-10-08 09:58:01,,,,,,,,20000000000,0.073
2010-09-24 12:02:07,-67.4,-50.6,,,,,,50000000000,0.16
2010-09-18 05:04:41,7.4,36.7,,,,,,67000000000,0.21
2010-09-08 19:51:36,-13.9,-65.5,46.3,,,,,65000000000,0.21
2010-09-05 23:37:33,-25.9,49,35.2,,,,,683000000000,1.7
2010-09-03 12:04:58,-61,146.7,33.3,12.3,9.8,-3.5,6.5,1750000000000,3.8
2010-08-17 04:19:37,20.7,-114.3,33.3,,,,,21000000000,0.076
2010-07-15 01:49:56,60.9,-178.1,,,,,,24000000000,0.086
2010-07-06 23:54:43,-34.1,-174.5,26,15.7,12.1,10,0.2,7560000000000,14
2010-06-26 06:04:38,-0.5,133.2,50,,,,,113000000000,0.34
2010-06-21 06:42:00,-22.5,-120.9,,,,,,163000000000,0.47
2010-06-17 04:24:45,-26.1,100,42,,,,,119000000000,0.35
2010-04-17 02:21:58,13.1,-173,,,,,,56000000000,0.18
2010-04-16 04:38:52,1.8,-176.9,22.2,18.8,12.4,-13.2,-5.2,844000000000,2
2010-04-06 18:33:12,52.8,-146.5,,,,,,80000000000,0.25
2010-03-18 16:11:16,-32.4,-51.8,,,,,,175000000000,0.5
2010-03-15 15:55:43,,,,,,,,80000000000,0.25
2010-03-14 18:44:42,33.8,-90.2,35.6,,,,,42000000000,0.14
2010-03-08 22:44:41,18.2,110.1,53,,,,,30000000000,0.1
2010-03-08 22:02:07,32,-92.9,52,24.5,19.1,11,10.7,323000000000,0.85
2010-02-28 22:24:50,48.7,21,37,15.1,-11.7,2.7,-9.1,153000000000,0.44
2010-02-26 22:46:13,-37.3,-166,,,,,,237000000000,0.65
2010-02-24 19:55:58,-2.6,-102.2,,,,,,93000000000,0.28
2010-01-15 19:17:54,-8.3,27,25,14,-9.1,6,8.8,492000000000,1.2
2009-12-31 16:24:23,,,,,,,,83000000000,0.26
2009-12-31 12:50:25,37.9,-178.3,20.7,,,,,102000000000,0.31
2009-11-25 01:36:20,-52.8,136.5,,,,,,64000000000,0.2
2009-11-21 20:53:00,-22,29.2,38,32.1,3,-17,27,10000000000000,18
2009-11-18 17:36:07,,,,,,,,85000000000,0.26
2009-11-18 07:07:19,40.4,-113.2,31.5,,,,,736000000000,1.8
2009-11-14 19:58:55,,,,,,,,23000000000,0.082
2009-11-07 11:31:59,45.5,-157.7,,,,,,22000000000,0.079
2009-11-07 10:41:38,24,64.1,37,,,,,42000000000,0.14
2009-10-11 12:49:51,-78.3,70.2,27.8,,,,,71000000000,0.22
2009-10-08 02:57:00,-4.2,120.6,19.1,19.2,14,-16,-6,20000000000000,33
2009-09-27 22:22:48,-36,-67.6,37,,,,,89000000000,0.27
2009-09-18 20:13:56,7.7,-29.5,,,,,,144000000000,0.42
2009-09-04 02:23:18,42.5,110,28.3,24,19.2,-11.6,-8.5,965000000000,2.3
2009-08-23 21:17:19,-67.7,18.3,34,12.2,-6.9,5.3,8.5,280000000000,0.75
2009-07-31 02:13:19,8.9,-121.9,,,,,,25000000000,0.089
2009-07-16 06:39:05,-24.4,-59.8,32.2,,,,,727000000000,1.8
2009-07-03 04:02:00,,,,,,,,27000000000,0.095
2009-06-27 13:08:05,-26.6,-12.6,26.1,15.2,-11.6,1.6,9.7,32000000000,0.11
2009-06-20 11:04:41,,,,,,,,27000000000,0.095
2009-06-18 04:39:00,-23.7,-16,57.4,,,,,33000000000,0.11
2009-06-09 22:42:28,54.9,-152.7,34.2,,,,,281000000000,0.76
2009-05-31 06:05:47,19.7,-121,,,,,,143000000000,0.42
2009-05-13 20:20:16,,,,,,,,73000000000,0.23
2009-05-04 11:39:03,36.4,-160.4,40.7,,,,,140000000000,0.41
2009-04-20 04:01:39,6,84.3,,,,,,22000000000,0.079
2009-04-10 18:42:45,-44.7,25.7,32.4,19.1,-18.9,2.6,0.3,270000000000,0.73
2009-03-04 00:38:05,,,,,,,,170000000000,0.48
2009-02-20 12:15:57,-64.9,-70,,,,,,50000000000,0.16
2009-02-07 19:51:32,56.6,69.8,40,15.4,-2.4,-1.9,-15.1,1600000000000,3.5
2009-01-12 22:24:56,47.8,-44.3,,,,,,48000000000,0.16
2009-01-10 07:42:39,-64,122.8,26.5,,,,,23000000000,0.082
2008-12-24 15:51:58,-68.9,-102,21.1,24.1,-13.4,18,8.8,35000000000,0.12
2008-12-12 11:36:36,-7,-9.7,50,,,,,216000000000,0.6
2008-12-09 06:08:16,,,,,,,,34000000000,0.12
2008-11-24 22:01:19,-57.9,146.1,34.8,23.7,21.5,10,0.4,146000000000,0.42
2008-11-21 00:26:44,53.1,-109.9,28.2,12.9,3.9,-4.1,-11.6,142000000000,0.41
2008-11-18 09:41:51,-29.4,75.9,35.2,22.4,-4,-15.2,-16,25000000000,0.089
2008-11-09 02:38:34,14.5,112.7,29.6,,,,,222000000000,0.61
2008-10-21 02:20:25,32.8,-165.6,29.6,11.3,9.6,5.8,1.5,46000000000,0.15
2008-10-10 09:34:18,-57.3,17,21.4,,,,,180000000000,0.51
2008-10-07 02:45:45,20.9,31.4,38.9,13.3,-9,9,3.8,395000000000,1
2008-09-09 09:49:41,,,,,,,,59000000000,0.19
2008-08-16 14:40:24,11.3,97.2,,,,,,131000000000,0.38
2008-08-12 11:44:10,-11.6,-175,,,,,,20000000000,0.073
2008-08-07 06:07:10,18.5,180,45.4,13.8,6.5,-12.1,1.7,41000000000,0.14
2008-07-23 14:45:25,38.6,68,31.5,14.5,-7.7,-8.2,-9.1,121000000000,0.36
2008-07-22 19:34:00,-17.8,-89.2,54.4,,,,,61000000000,0.2
2008-07-11 14:35:28,,,,,,,,52000000000,0.17
2008-07-08 15:55:30,72.8,147.3,52.2,21.7,-12.9,1.9,-17.4,66000000000,0.21
2008-07-01 17:40:19,37.1,-115.7,36.1,9.8,2.8,1.7,-9.2,36000000000,0.12
2008-06-27 02:01:23,-26.9,-17.7,33.7,23.1,-17.9,13,6.6,172000000000,0.49
2008-06-18 13:45:36,6.1,103.1,,,,,,21000000000,0.076
2008-05-29 21:23:56,15.7,-83.5,,,,,,21000000000,0.076
2008-05-24 10:18:10,0.8,162,37,14.2,7.9,3.1,11.4,150000000000,0.43
2008-05-22 20:50:28,46.9,134.5,,,,,,21000000000,0.076
2008-05-06 01:08:56,,,,,,,,57000000000,0.18
2008-04-30 01:18:38,-33.6,-35.1,,,,,,20000000000,0.073
2008-04-06 16:03:34,,,,,,,,77000000000,0.24
2008-03-15 11:29:55,28,-41.5,26.7,12.9,-4.1,4.8,-11.2,50000000000,0.16
2008-02-24 19:33:14,,,,,,,,74000000000,0.23
2008-02-19 13:30:30,48.9,-119.8,,,,,,20000000000,0.073
2008-02-18 08:51:12,,,,,,,,50000000000,0.16
2008-02-17 12:19:16,74.9,-73.4,40.4,13.9,-5.8,-10.7,-6.7,110000000000,0.33
2008-02-16 08:38:39,,,,,,,,71000000000,0.22
2008-01-18 01:17:39,,,,,,,,44000000000,0.15
2008-01-09 03:53:15,-66.8,-67.3,31.5,11.6,4.3,5.7,9.1,41000000000,0.14
2007-12-26 06:46:20,-61.6,-158.9,,,,,,136000000000,0.4
2007-12-20 17:00:48,51.3,115.4,,,,,,122000000000,0.36
2007-10-25 19:35:38,-40.9,91.3,46.3,,,,,58000000000,0.19
2007-10-12 09:14:03,88.5,116.6,37,18.4,-4.5,-14.1,-10.9,33000000000,0.11
2007-10-07 13:31:01,-35.2,125.6,,,,,,58000000000,0.19
2007-09-22 17:57:12,-49.2,-85.5,30.2,16.9,-9.2,13.6,3.8,237000000000,0.65
2007-06-11 09:47:05,-23.4,-170.9,35.2,17,16.7,-2.1,-2.2,49000000000,0.16
2007-06-08 13:32:00,-52,175.3,38.9,,,,,235000000000,0.65
2007-06-07 21:28:12,21.9,53.1,29.6,,,,,31000000000,0.11
2007-05-16 16:20:58,-4.5,111.7,,,,,,38000000000,0.13
2007-05-16 04:45:52,-42.4,164,31.5,,,,,400000000000,1
2007-05-04 17:52:39,22.9,109.4,48,,,,,175000000000,0.5
2007-04-18 12:44:23,-83.7,-171.2,38,24.4,-5.3,-2.5,23.7,112000000000,0.33
2007-04-16 14:56:51,,,,,,,,24000000000,0.086
2007-03-17 06:48:35,7.1,4.1,32.5,14.5,-7.3,-1.9,-12.4,40000000000,0.13
2007-03-15 02:20:15,-44.1,-148.4,,,,,,25000000000,0.089
2007-03-07 15:16:49,,,,,,,,27000000000,0.095
2007-02-02 12:48:41,24,-37.2,35.5,,,,,340000000000,0.89
2007-01-26 22:22:21,3.7,99.7,,,,,,147000000000,0.43
2007-01-22 07:24:56,45.4,53.5,32,13.4,-3.3,-12.8,-1.9,76000000000,0.24
2007-01-18 13:51:10,5.3,-164.3,34.1,,,,,32000000000,0.11
2007-01-17 09:50:46,-8.7,50.8,33.3,,,,,548000000000,1.4
2007-01-01 11:43:29,44.4,116.5,53,,,,,36000000000,0.12
2006-12-09 06:31:12,26.2,26,26.5,15.9,4.9,-15,1.6,7410000000000,14
2006-12-07 11:42:00,14,-140,,,,,,21000000000,0.076
2006-12-01 06:09:25,-13,30.7,,,,,,63000000000,0.2
2006-11-13 15:16:34,-44,43.3,,,,,,23000000000,0.082
2006-10-24 08:42:52,-1.9,-2.7,43,,,,,225000000000,0.62
2006-10-14 18:10:49,49.4,-175,44.4,23.9,4.9,23.4,-1,258000000000,0.7
2006-10-09 04:45:30,-47,78.9,22.2,,,,,41000000000,0.14
2006-10-07 12:18:53,-23,-61.8,40.7,,,,,41000000000,0.14
2006-10-02 19:10:27,14,53.1,42,,,,,90000000000,0.28
2006-09-27 08:33:43,-32,60.2,48.1,,,,,107000000000,0.32
2006-09-23 18:52:58,-29,-108,,,,,,121000000000,0.36
2006-09-02 17:57:58,,,,,,,,22000000000,0.079
2006-09-02 04:26:15,-14,109.1,44.1,14.2,10,-9.9,1.5,1230000000000,2.8
2006-08-29 01:38:36,-44,-162,40.7,,,,,92000000000,0.28
2006-08-18 00:03:18,-43,33.4,47.2,,,,,32000000000,0.11
2006-08-17 10:43:34,-11,165.7,48.2,,,,,256000000000,0.7
2006-08-15 10:52:24,4.9,49.6,32.7,,,,,47000000000,0.16
2006-08-09 04:30:44,-23.1,53.7,37,,,,,1020000000000,2.4
2006-07-15 23:55:45,-78.3,-5,29.6,12.4,0.1,2,12.2,85000000000,0.26
2006-07-15 15:22:49,31.1,45.6,38.9,30.2,9.2,-1.2,-28.7,163000000000,0.47
2006-06-07 00:06:28,69.2,22.5,40.7,19.6,6.1,4.6,-18,59000000000,0.19
2006-05-28 01:32:24,,,,,,,,26000000000,0.092
2006-05-21 07:51:11,-11.6,-25.5,,,,,,263000000000,0.71
2006-05-07 17:45:14,,,,,,,,30000000000,0.1
2006-05-06 15:39:06,-60.2,-152.3,35.2,,,,,128000000000,0.38
2006-04-25 18:46:53,,,,,,,,20000000000,0.073
2006-04-08 13:16:23,17.3,-113.2,33.3,,,,,127000000000,0.37
2006-04-04 11:30:08,26.6,-26.6,25,,,,,2400000000000,5
2006-03-14 03:21:06,7,-64.6,35.2,,,,,144000000000,0.42
2006-02-26 07:30:06,,,,,,,,70000000000,0.22
2006-02-06 01:57:37,-54.5,18.1,35.2,,,,,1190000000000,2.7
2006-02-04 08:38:05,36.9,-143.6,38.9,19.8,-8.8,3.4,-17.4,100000000000,0.3
2006-01-28 03:33:48,-51.7,56.4,37,18.7,8.4,-16.4,3.2,740000000000,1.8
2006-01-27 01:27:42,58.7,74.7,20,,,,,45000000000,0.15
2006-01-26 00:00:53,-79.8,-111,37,,,,,53000000000,0.17
2006-01-10 23:25:28,29.8,-12.7,32.4,16.9,-9.9,-6.3,-12.2,28000000000,0.098
2006-01-08 05:20:19,7.6,-28.2,,,,,,94000000000,0.29
2005-12-29 10:05:35,-3,-154.9,42.2,20.7,18.6,8.5,3.2,190000000000,0.53
2005-12-24 15:30:26,-54,17.3,66,,,,,181000000000,0.51
2005-12-03 12:45:49,-33.8,117.4,32.2,17,-12.1,-9.6,7.2,88000000000,0.27
2005-12-01 10:40:20,-6.4,-155.8,,,,,,32000000000,0.11
2005-11-29 07:33:16,7.6,-58.2,59.3,,,,,32000000000,0.11
2005-11-15 05:19:07,26.3,-113.4,32.4,,,,,25000000000,0.089
2005-11-11 20:34:23,21.4,-134.1,29.6,,,,,42000000000,0.14
2005-11-09 07:33:08,-31,145.9,30.7,13.8,13.5,-2.7,-0.7,73000000000,0.23
2005-11-02 07:04:32,33.9,-154.9,68.5,,,,,32000000000,0.11
2005-11-02 05:16:47,22.9,-123.8,74,,,,,67000000000,0.21
2005-10-26 21:30:47,-36.3,-80.5,16.7,,,,,138000000000,0.4
2005-09-30 19:04:06,-2.8,-84.1,53,,,,,22000000000,0.079
2005-09-14 01:08:52,11.6,27.3,33.3,,,,,25000000000,0.089
2005-09-02 07:59:47,13.5,73.1,,,,,,82000000000,0.25
2005-08-20 12:10:24,,,,,,,,27000000000,0.095
2005-08-09 14:35:45,-21.5,56.2,37,16.9,-16.3,4.3,1.4,25000000000,0.089
2005-07-01 22:36:15,-49.8,33.1,50,,,,,31000000000,0.11
2005-06-18 19:40:41,47.9,85.6,,,,,,23000000000,0.082
2005-06-05 01:56:09,34.8,90.9,,,,,,41000000000,0.14
2005-06-03 08:15:41,-31,-90.3,29.6,26.2,-1.5,25.3,6.7,82000000000,0.25
2005-05-27 14:12:13,-48.9,145.1,50.5,,,,,20000000000,0.073
2005-05-14 13:02:53,,,,,,,,129000000000,0.38
2005-05-07 09:31:44,-75.8,163.7,15.2,16.6,9.6,-9.7,9.4,26000000000,0.092
2005-05-02 20:10:36,17.7,36,,,,,,46000000000,0.15
2005-04-22 11:18:05,20.9,-36.7,37,,,,,22000000000,0.079
2005-04-19 07:37:47,-50.2,-146.4,38.5,16.8,9.3,13.8,2.5,232000000000,0.64
2005-04-16 10:40:38,,,,,,,,20000000000,0.073
2005-04-15 06:54:59,-43.8,-73.9,39,,,,,21000000000,0.076
2005-04-14 14:05:22,4.9,-176,26.5,,,,,71000000000,0.22
2005-04-11 05:20:29,-34.2,-95.7,37,,,,,106000000000,0.32
2005-04-06 01:30:24,-42.7,154.6,70,,,,,29000000000,0.1
2005-04-05 17:48:07,,,,,,,,35000000000,0.12
2005-04-03 01:45:29,-1,112.4,59.2,,,,,219000000000,0.61
2005-04-02 22:52:25,14.1,169.7,27.2,,,,,204000000000,0.57
2005-03-31 22:15:55,42.8,-36.2,,,,,,38000000000,0.13
2005-03-18 16:48:32,-9.7,-34.7,33,,,,,27000000000,0.095
2005-03-12 22:16:31,,,,,,,,22000000000,0.079
2005-03-09 15:47:36,-21.4,-157.9,44.4,,,,,53000000000,0.17
2005-03-09 12:49:08,14.3,142.7,30.7,,,,,40000000000,0.13
2005-03-06 17:32:51,,,,,,,,55000000000,0.18
2005-02-17 22:52:36,48,-161.5,42.5,,,,,100000000000,0.3
2005-01-19 01:43:14,-27.5,-164.9,40.7,,,,,141000000000,0.41
2005-01-02 23:09:51,-21.3,154.7,35.2,21.5,20.2,-3.3,6.6,119000000000,0.35
2005-01-01 03:44:09,32.7,12.4,31.8,,,,,454000000000,1.2
2004-12-29 07:11:45,-8.5,171.8,,,,,,90000000000,0.28
2004-12-13 11:35:55,-9.7,155.3,,,,,,39000000000,0.13
2004-12-11 15:36:51,36,104.1,,,,,,30000000000,0.1
2004-11-30 08:32:53,61,-171,,,,,,181000000000,0.51
2004-11-17 03:13:04,,,,,,,,186000000000,0.52
2004-10-14 11:41:01,,,,,,,,93000000000,0.28
2004-10-10 11:05:28,,,,,,,,30000000000,0.1
2004-10-07 13:14:43,-27.3,71.5,35,19.2,-15.3,1,11.6,10400000000000,18
2004-10-04 04:39:52,3.7,-150.9,,,,,,71000000000,0.22
2004-09-28 08:57:28,0.2,-101.1,,,,,,62000000000,0.2
2004-09-03 12:07:22,-67.7,18.2,31.5,,,,,7260000000000,13
2004-08-22 10:01:33,-51.9,22.7,37,,,,,1440000000000,3.2
2004-07-29 12:41:45,,,,,,,,25000000000,0.089
2004-07-25 05:29:13,,,,,,,,197000000000,0.55
2004-07-22 03:34:31,,,,,,,,35000000000,0.12
2004-07-16 00:11:01,,,,,,,,29000000000,0.1
2004-07-04 16:58:04,,,,,,,,79000000000,0.25
2004-07-03 20:47:22,,,,,,,,65000000000,0.21
2004-06-12 07:13:56,21.7,175.3,,,,,,104000000000,0.31
2004-06-11 15:41:40,,,,,,,,104000000000,0.31
2004-06-05 20:34:10,1.3,-174.4,43,19.5,9.4,17,-1.5,1810000000000,3.9
2004-06-04 13:41:38,,,,,,,,339000000000,0.89
2004-06-03 21:59:15,,,,,,,,47000000000,0.16
2004-06-03 09:40:12,48.9,-120.4,,,,,,54000000000,0.18
2004-05-18 11:12:12,-28.1,-47.4,,,,,,394000000000,1
2004-05-17 02:08:27,-18.9,28.3,44,,,,,55000000000,0.18
2004-05-06 02:22:49,,,,,,,,49000000000,0.16
2004-04-23 00:33:41,,,,,,,,56000000000,0.18
2004-04-22 21:19:55,-15.2,55.1,,,,,,139000000000,0.41
2004-04-22 04:21:49,-44.3,83.3,29.6,16.3,8.5,-12.1,-6.8,624000000000,1.5
2004-04-06 03:24:49,-12,162.8,35,25.6,10.5,-23.2,-2.9,433000000000,1.1
2004-03-26 16:35:45,-7.6,155.1,46,,,,,24000000000,0.086
2004-03-25 09:39:26,-4.8,21,,,,,,21000000000,0.076
2004-02-27 01:18:54,,,,,,,,60000000000,0.19
2004-02-02 18:52:20,-18.3,52.3,,,,,,30000000000,0.1
2004-01-22 01:06:43,-50.6,157.8,37,,,,,232000000000,0.64
2004-01-17 20:11:02,,,,,,,,28000000000,0.098
2004-01-16 11:17:06,,,,,,,,98000000000,0.3
2004-01-02 04:27:59,-28.2,3.2,63,,,,,134000000000,0.39
2003-12-09 22:36:23,-67.1,-90.8,,,,,,643000000000,1.6
2003-11-26 02:00:04,-22.9,22.7,32,,,,,35000000000,0.12
2003-11-10 13:54:06,-64.5,136.2,23,20.1,14.8,-8.7,10.4,518000000000,1.3
2003-11-01 14:09:30,-51.4,151.7,,,,,,73000000000,0.23
2003-10-16 00:47:28,,,,,,,,285000000000,0.77
2003-10-13 14:06:59,,,,,,,,30000000000,0.1
2003-10-07 00:23:56,,,,,,,,37000000000,0.13
2003-09-27 12:59:02,21,86.6,26,18.2,-1,-5.4,-17.3,2150000000000,4.6
2003-09-22 03:45:43,,,,,,,,33000000000,0.11
2003-09-21 07:40:00,,,,,,,,20000000000,0.073
2003-09-20 19:04:01,,,,,,,,30000000000,0.1
2003-09-02 20:00:46,51.3,-161,,,,,,385000000000,1
2003-08-26 22:08:45,,,,,,,,72000000000,0.23
2003-08-26 08:44:07,,,,,,,,249000000000,0.68
2003-08-17 13:16:07,-39,34,,,,,,647000000000,1.6
2003-08-01 04:09:32,,,,,,,,21000000000,0.076
2003-07-21 05:11:28,,,,,,,,58000000000,0.19
2003-06-22 22:53:28,,,,,,,,21000000000,0.076
2003-06-21 14:49:57,,,,,,,,38000000000,0.13
2003-06-16 17:17:19,,,,,,,,65000000000,0.21
2003-06-10 14:11:07,-41.8,122.9,,,,,,32000000000,0.11
2003-05-27 23:32:32,5.2,166.2,,,,,,68000000000,0.22
2003-05-19 03:38:12,,,,,,,,521000000000,1.3
2003-05-18 07:51:40,,,,,,,,21000000000,0.076
2003-05-15 06:28:32,54,-80.4,,,,,,43000000000,0.14
2003-04-28 13:06:46,,,,,,,,23000000000,0.082
2003-04-13 17:58:41,14.8,64.5,17,,,,,175000000000,0.5
2003-04-07 09:25:28,-18.4,162.6,,,,,,22000000000,0.079
2003-04-01 04:40:55,,,,,,,,31000000000,0.11
2003-03-27 05:50:26,41.4,-87.7,45,,,,,142000000000,0.41
2003-02-25 23:13:28,40,116,,,,,,33000000000,0.11
2003-02-12 23:45:57,,,,,,,,79000000000,0.25
2003-02-12 02:37:54,-31.5,107.5,,,,,,120000000000,0.36
2003-02-06 17:00:19,-62.9,-113.9,,,,,,197000000000,0.55
2003-02-05 06:16:27,,,,,,,,103000000000,0.31
2003-02-04 14:07:08,-59.9,41,,,,,,135000000000,0.4
2003-01-30 06:02:59,,,,,,,,107000000000,0.32
2002-11-28 15:41:53,,,,,,,,46000000000,0.15
2002-11-21 00:11:17,-1.4,-154,,,,,,240000000000,0.66
2002-11-12 21:49:56,-21.1,-6.8,,,,,,43000000000,0.14
2002-11-10 22:13:54,16,-166,,,,,,460000000000,1.2
2002-10-09 12:00:35,-4.3,-175.9,,,,,,49000000000,0.16
2002-10-04 10:08:01,,,,,,,,117000000000,0.35
2002-09-24 16:48:57,57.9,112.9,,,,,,860000000000,2
2002-08-14 07:48:32,-6.9,-126.2,,,,,,90000000000,0.28
2002-08-11 20:42:53,-18.2,159.4,,,,,,1510000000000,3.3
2002-08-10 18:01:51,,,,,,,,25000000000,0.089
2002-07-25 15:57:32,-28.7,47,,,,,,230000000000,0.63
2002-07-22 11:16:02,34,106.1,,,,,,53000000000,0.17
2002-06-29 16:31:55,,,,,,,,159000000000,0.46
2002-06-15 11:51:18,,,,,,,,29000000000,0.1
2002-06-13 15:29:38,-24.9,111.4,,,,,,191000000000,0.54
2002-06-02 04:28:20,34,21,,,,,,4500000000000,8.8
2002-04-03 19:10:21,-5.3,27.1,,,,,,182000000000,0.51
2002-04-02 02:36:28,,,,,,,,32000000000,0.11
2002-03-28 21:29:56,,,,,,,,27000000000,0.095
2002-03-19 05:56:10,,,,,,,,83000000000,0.26
2002-03-19 02:56:52,,,,,,,,53000000000,0.17
2002-03-18 14:44:57,-60.4,-120.5,,,,,,20000000000,0.073
2002-03-09 01:20:24,6.9,-147.3,,,,,,249000000000,0.68
2002-03-03 21:10:55,37.5,154,,,,,,82000000000,0.25
2002-03-01 03:53:59,29.2,-66.8,,,,,,38000000000,0.13
2002-02-09 19:50:26,-17.7,138.7,,,,,,70000000000,0.22
2002-02-01 19:07:54,60.7,116.6,,,,,,70000000000,0.22
2002-01-20 16:42:04,48.4,-165,,,,,,104000000000,0.31
2002-01-03 12:19:37,,,,,,,,123000000000,0.36
2001-12-14 17:58:04,,,,,,,,151000000000,0.44
2001-12-12 16:56:13,,,,,,,,98000000000,0.3
2001-11-26 06:51:52,,,,,,,,192000000000,0.54
2001-11-13 10:58:48,,,,,,,,312000000000,0.83
2001-11-11 12:14:02,,,,,,,,130000000000,0.38
2001-10-27 19:20:12,52.7,3.8,,,,,,36000000000,0.12
2001-10-14 12:03:11,,,,,,,,89000000000,0.27
2001-10-12 03:11:53,,,,,,,,62000000000,0.2
2001-10-06 06:29:38,,,,,,,,158000000000,0.45
2001-09-25 11:54:06,,,,,,,,42000000000,0.14
2001-08-26 16:08:52,,,,,,,,38000000000,0.13
2001-08-18 13:57:43,,,,,,,,40000000000,0.13
2001-07-26 21:20:19,0.4,84.8,,,,,,326000000000,0.86
2001-07-23 22:19:11,41,-77,,,,,,1240000000000,2.8
2001-05-06 04:30:29,,,,,,,,50000000000,0.16
2001-04-27 09:46:18,,,,,,,,130000000000,0.38
2001-04-23 06:12:35,28,-133.6,29,,,,,4600000000000,9
2001-04-14 06:40:36,,,,,,,,24000000000,0.086
2001-04-13 00:29:57,-15.3,162.4,,,,,,251000000000,0.68
2001-02-09 21:27:55,,,,,,,,108000000000,0.32
2001-02-04 05:53:38,-64,97.3,,,,,,151000000000,0.44
2001-01-28 16:19:18,66,31.3,,,,,,108000000000,0.32
2000-12-15 13:22:59,41.3,95.2,,,,,,262000000000,0.71
2000-12-15 03:46:27,50.4,58.9,,,,,,27000000000,0.095
2000-11-28 12:20:13,,,,,,,,119000000000,0.35
2000-11-13 00:28:01,-13.6,-5.8,,,,,,66000000000,0.21
2000-11-06 07:18:57,-52,-22.2,,,,,,69000000000,0.22
2000-10-11 23:29:55,-31.7,-5.5,,,,,,81000000000,0.25
2000-09-24 06:57:19,,,,,,,,27000000000,0.095
2000-09-23 04:00:45,-58.5,142.6,,,,,,22000000000,0.079
2000-09-19 22:12:38,-3.2,-133.8,,,,,,89000000000,0.27
2000-08-25 01:12:25,14.5,-106.1,,,,,,1385000000000,3.1
2000-08-13 03:00:32,36.7,-127.8,,,,,,65000000000,0.21
2000-08-01 16:48:27,-50.2,-101.9,,,,,,182000000000,0.51
2000-07-31 07:06:34,15.7,-138.5,,,,,,38000000000,0.13
2000-07-19 17:40:25,-17.7,94.1,,,,,,107000000000,0.32
2000-07-09 01:08:45,,,,,,,,121000000000,0.36
2000-07-07 01:34:20,15,140.7,,,,,,65000000000,0.21
2000-06-27 10:06:51,34.9,36.8,,,,,,27000000000,0.095
2000-06-23 09:03:42,69.2,-44,,,,,,20000000000,0.073
2000-06-22 20:02:11,32.9,159,,,,,,30000000000,0.1
2000-06-18 13:40:02,,,,,,,,133000000000,0.39
2000-06-14 16:39:18,28.1,107.3,48,,,,,145000000000,0.42
2000-06-04 03:17:39,,,,,,,,190000000000,0.53
2000-06-03 03:24:49,36.8,-74.8,,,,,,30000000000,0.1
2000-06-02 18:44:16,-27.5,-18.9,,,,,,30000000000,0.1
2000-05-29 16:46:28,,,,,,,,60000000000,0.19
2000-05-06 11:51:52,49.9,18.4,,,,,,28000000000,0.098
2000-05-03 10:40:09,-5,73,,,,,,59000000000,0.19
2000-04-21 13:42:20,,,,,,,,86000000000,0.27
2000-04-04 13:38:15,,,,,,,,23000000000,0.082
2000-03-28 15:27:17,1,98.3,,,,,,63000000000,0.2
2000-03-19 05:11:50,,,,,,,,49000000000,0.16
2000-03-06 08:29:18,58,175,,,,,,960000000000,2.2
2000-02-18 09:25:59,-0.9,109.2,,,,,,3620000000000,7.3
2000-02-17 14:22:07,14.2,115.9,,,,,,22000000000,0.079
2000-01-18 16:43:42,60.3,-134.6,,,,,,1050000000000,2.4
2000-01-18 08:33:58,24.3,-94.9,,,,,,35000000000,0.12
1999-12-16 00:07:22,-26.5,-11.3,,,,,,67000000000,0.21
1999-12-11 17:31:52,,,,,,,,273000000000,0.74
1999-12-10 18:56:50,,,,,,,,28000000000,0.098
1999-12-03 17:24:45,,,,,,,,42000000000,0.14
1999-12-01 19:38:15,,,,,,,,23000000000,0.082
1999-11-30 02:18:53,,,,,,,,45000000000,0.15
1999-11-15 20:01:28,-8.1,75.4,,,,,,74000000000,0.23
1999-11-07 17:53:06,-2.3,-77.4,,,,,,89000000000,0.27
1999-10-26 17:19:42,13.7,-70.8,,,,,,86000000000,0.27
1999-09-08 23:55:35,22.4,0.2,,,,,,28000000000,0.098
1999-09-08 14:41:53,32.5,104.6,32,,,,,90000000000,0.28
1999-08-16 05:18:20,35,-107.2,,,,,,36000000000,0.12
1999-08-06 03:22:37,,,,,,,,68000000000,0.22
1999-08-03 18:25:49,-64.7,-18.8,,,,,,356000000000,0.93
1999-07-10 08:11:42,-37.8,39.6,52,,,,,326000000000,0.86
1999-07-07 04:14:41,-39.5,174.4,,,,,,140000000000,0.41
1999-06-25 06:27:41,50,121,69,,,,,124000000000,0.37
1999-05-23 07:02:10,-16.4,-116.3,,,,,,26000000000,0.092
1999-04-26 11:33:06,-22.5,6.5,,,,,,92000000000,0.28
1999-04-26 09:49:26,-32.8,159.1,,,,,,33000000000,0.11
1999-03-31 23:54:35,-17.9,22.6,,,,,,234000000000,0.64
1999-03-28 15:37:01,0.8,97.6,,,,,,304000000000,0.81
1999-03-02 22:23:25,18.9,50.5,,,,,,59000000000,0.19
1999-02-18 23:15:25,-54.9,-64.6,,,,,,154000000000,0.44
1999-02-01 14:24:09,80,154.2,,,,,,28000000000,0.098
1999-01-19 02:32:21,7.9,85.8,,,,,,24000000000,0.086
1999-01-14 08:06:05,-44,-129.7,32,,,,,5060000000000,9.8
1999-01-12 19:24:52,,,,,,,,43000000000,0.14
1999-01-11 05:18:17,,,,,,,,24000000000,0.086
1999-01-02 18:25:51,47,103,65,,,,,35000000000,0.12
1998-12-22 09:24:00,,,,,,,,27000000000,0.095
1998-11-23 20:20:14,82.3,160.1,,,,,,25000000000,0.089
1998-11-11 16:46:18,6.5,156.4,,,,,,656000000000,1.6
1998-10-03 12:58:50,,,,,,,,32000000000,0.11
1998-09-04 09:16:11,,,,,,,,128000000000,0.38
1998-09-01 11:15:04,34.6,23.6,,,,,,24000000000,0.086
1998-08-30 00:20:12,,,,,,,,41000000000,0.14
1998-08-08 12:55:22,,,,,,,,23000000000,0.082
1998-07-28 14:16:53,,,,,,,,63000000000,0.2
1998-03-24 09:08:14,,,,,,,,27000000000,0.095
1998-03-22 22:25:37,1.4,26.6,,,,,,140000000000,0.41
1998-01-08 16:10:21,,,,,,,,62000000000,0.2
1998-01-04 23:00:27,-35.1,33.4,30,17.1,6,-10.6,12,74000000000,0.23
1997-12-28 03:58:18,-23.1,152.4,,,,,,31000000000,0.11
1997-12-09 08:15:55,62.7,-49.9,,,,,,270000000000,0.73
1997-11-07 07:46:55,-57.3,167.2,,,,,,800000000000,1.9
1997-10-09 18:47:15,31.8,-106,37,,,,,190000000000,0.53
1997-10-01 14:26:43,46.7,108.9,,,,,,62000000000,0.2
1997-09-30 12:31:18,-38.1,63.9,,,,,,23000000000,0.082
1997-09-05 11:41:54,-31.1,56.4,,,,,,190000000000,0.53
1997-08-20 17:16:43,,,,,,,,26000000000,0.092
1997-08-15 01:05:22,,,,,,,,22000000000,0.079
1997-07-30 03:01:51,,,,,,,,50000000000,0.16
1997-07-04 12:22:33,-15.8,-175.8,,,,,,27000000000,0.095
1997-05-22 08:30:15,,,,,,,,45000000000,0.15
1997-04-27 22:34:21,16.7,87.5,,,,,,325000000000,0.86
1997-02-19 04:31:35,-16.3,-87.7,,,,,,140000000000,0.41
1997-02-15 15:23:35,35.5,115.6,,,,,,150000000000,0.43
1997-02-06 18:28:34,,,,,,,,26000000000,0.092
1997-01-28 17:49:49,,,,,,,,24000000000,0.086
1997-01-23 10:03:27,-15,94.2,,,,,,270000000000,0.73
1997-01-22 21:13:16,32.2,29,,,,,,480000000000,1.2
1997-01-04 06:46:39,25.7,-5.3,,,,,,43000000000,0.14
1997-01-03 15:08:07,,,,,,,,350000000000,0.92
1996-12-17 04:16:18,34.1,-37.2,,,,,,41000000000,0.14
1996-12-10 06:09:32,,,,,,,,250000000000,0.68
1996-12-04 17:00:34,,,,,,,,49000000000,0.16
1996-12-01 13:19:35,,,,,,,,62000000000,0.2
1996-11-22 10:06:17,,,,,,,,68000000000,0.22
1996-11-08 16:02:13,,,,,,,,61000000000,0.2
1996-10-30 12:48:19,-2.1,-123.1,,,,,,21000000000,0.076
1996-10-28 04:46:21,27.4,-79.4,,,,,,43000000000,0.14
1996-10-23 08:28:06,-47.3,20.6,,,,,,44000000000,0.15
1996-10-19 19:01:08,29.7,-34.7,,,,,,130000000000,0.38
1996-10-07 17:43:44,,,,,,,,45000000000,0.15
1996-10-05 19:21:02,-49.6,145.9,,,,,,250000000000,0.68
1996-08-17 15:46:08,,,,,,,,34000000000,0.12
1996-08-15 16:07:51,,,,,,,,84000000000,0.26
1996-08-09 18:14:56,,,,,,,,30000000000,0.1
1996-08-07 03:16:03,,,,,,,,150000000000,0.43
1996-08-06 04:50:32,,,,,,,,130000000000,0.38
1996-08-05 19:27:52,,,,,,,,220000000000,0.61
1996-08-05 15:19:30,,,,,,,,80000000000,0.25
1996-07-17 03:16:07,31.8,111.4,,,,,,50000000000,0.16
1996-07-12 14:04:45,20.7,-93.6,,,,,,32000000000,0.11
1996-06-25 11:22:40,,,,,,,,21000000000,0.076
1996-05-08 01:02:05,,,,,,,,28000000000,0.098
1996-05-01 13:19:25,,,,,,,,35000000000,0.12
1996-03-31 00:53:57,,,,,,,,27000000000,0.095
1996-03-30 04:03:32,-31.1,-84.3,,,,,,120000000000,0.36
1996-03-29 20:30:54,21.5,-158.1,,,,,,128000000000,0.38
1996-03-25 17:00:41,,,,,,,,44000000000,0.15
1996-03-13 08:31:01,,,,,,,,230000000000,0.63
1996-02-16 07:03:14,,,,,,,,55000000000,0.18
1996-02-15 02:38:05,76,-127,,,,,,50000000000,0.16
1996-01-18 17:10:49,,,,,,,,120000000000,0.36
1996-01-15 13:44:23,-59.8,175.8,,,,,,260000000000,0.71
1995-12-27 12:55:01,,,,,,,,22000000000,0.079
1995-12-22 13:26:29,-70.2,-73.3,,,,,,450000000000,1.1
1995-12-09 19:54:26,-2.9,-79,,,,,,120000000000,0.36
1995-11-25 05:29:31,,,,,,,,29000000000,0.1
1995-11-13 03:10:47,,,,,,,,21000000000,0.076
1995-10-01 02:42:01,,,,,,,,35000000000,0.12
1995-09-09 07:38:38,,,,,,,,500000000000,1.3
1995-08-24 21:54:35,,,,,,,,120000000000,0.36
1995-08-17 16:39:02,,,,,,,,160000000000,0.46
1995-08-06 04:38:09,,,,,,,,55000000000,0.18
1995-08-05 17:14:10,11.6,-104.3,,,,,,200000000000,0.56
1995-07-11 18:38:41,-28.5,93.3,,,,,,130000000000,0.38
1995-07-09 18:20:09,-0.9,66.3,,,,,,25000000000,0.089
1995-07-07 17:33:37,40.2,-76.1,,,,,,140000000000,0.41
1995-06-09 09:28:38,,,,,,,,25000000000,0.089
1995-04-02 12:32:38,,,,,,,,25000000000,0.089
1995-02-16 13:05:47,16.7,-141.7,,,,,,60000000000,0.19
1995-01-18 10:17:26,51.5,115.4,,,,,,70000000000,0.22
1995-01-10 21:08:41,,,,,,,,25000000000,0.089
1995-01-02 20:41:38,,,,,,,,30000000000,0.1
1994-12-18 12:45:40,,,,,,,,50000000000,0.16
1994-12-16 09:41:03,-42.2,27.6,,,,,,50000000000,0.16
1994-11-03 20:01:36,6.5,89,,,,,,2350000000000,5
1994-11-01 06:50:46,-1.5,-84.5,,,,,,1000000000000,2.3
1994-10-27 04:21:29,,,,,,,,320000000000,0.85
1994-10-20 00:11:21,-45.2,-1.9,,,,,,87000000000,0.27
1994-10-08 03:24:22,,,,,,,,66000000000,0.21
1994-09-22 04:22:17,,,,,,,,67000000000,0.21
1994-08-15 23:16:48,,,,,,,,164000000000,0.47
1994-06-15 00:02:26,45,-73.5,,,,,,41000000000,0.14
1994-06-03 20:48:42,,,,,,,,509000000000,1.3
1994-05-29 09:30:58,52.8,2.3,,,,,,384000000000,1
1994-02-01 22:38:09,2.7,164.1,,,,,,18200000000000,30
1993-11-29 17:48:41,26.5,78.3,,,,,,26000000000,0.092
1993-10-31 03:39:27,51.3,-100.9,,,,,,40000000000,0.13
1991-10-04 09:22:47,78.7,6.3,,,,,,550000000000,1.4
1990-10-01 03:51:47,7.5,142.8,,,,,,2500000000000,5.2
1988-04-15 03:03:10,-4.1,124.3,,,,,,7580000000000,14
